compassHeading,filteredHeading
200.28483404183072,218.84595548687975
198.23250653774568,210.60057590722613
198.23250653774568,205.65334815943396
202.5812493549743,204.4245086376501
200.32350801084814,202.78410838692932
207.90846123024,204.8338495242536
215.33892440885438,209.0358794780939
215.89882533371775,211.78105782034345
221.4547205332314,215.65052290549863
217.63105368010667,216.44273521534186
224.42094681676298,219.6340198559103
224.16481193944708,221.446336689325
224.16481193944708,222.53372678937382
220.81812306741753,221.8474853005913
217.72817299621303,220.19976037883998
217.72817299621303,219.2111254257892
218.45854110059065,218.91009169570978
217.05360637269803,218.1674975665051
217.05360637269803,217.72194108898228
219.5109357415549,218.43753895001134
220.26572142497088,219.16881193999515
218.3479493919602,218.84046692078118
218.42172847707027,218.6729715432968
218.42172847707027,218.57247431680617
222.0951894467265,219.9815603687743
222.9797868058639,221.18085094361015
222.9797868058639,221.90042528851166
223.48059277879577,222.5324922846253
218.36334458753944,220.86483320579097
218.36334458753944,219.86423775849036
221.38512650766896,220.4725932581618
221.39642106104435,220.84212437931484
220.26787136307834,220.61242317282023
216.89120421089453,219.12393558804996
221.40394348719659,220.0359387477086
219.44750842529118,219.8005666187416
215.06409368097573,217.90597744363527
220.05150548027711,218.764188658292
218.40309743186464,218.61975216772106
218.40309743186464,218.5330902733785
216.37559313071085,217.67009141631144
220.05150548027711,218.62265704189772
220.05150548027711,219.1941964172495
224.58871524020253,221.3520039464307
222.27412683426704,221.72085310156524
220.9332265287759,221.4058024724495
219.5109357415549,220.64785578009167
219.5109357415549,220.19308776467696
216.43667200560532,218.69052146104832
217.1103824359504,218.05846585100915
217.1103824359504,217.67923248498565
217.21403791253152,217.49315465600398
217.08675783503062,217.33059592761464
215.1581499649543,216.46161754255053
216.5332567092131,216.49027320921556
218.38060288208618,217.2464050783638
223.88430103815872,219.90156346228179
223.88430103815872,221.49465849263254
214.6714985190094,218.76539450318327
217.27112390184158,218.1676862626466
217.27112390184158,217.8090613183246
214.44624595436764,216.46393517274183
215.66858651544354,216.1457957098225
215.66858651544354,215.95491203207092
217.64367268484835,216.6304162931819
214.74895578052576,215.87783208811942
213.70979415251,215.01061691387565
218.14899371934476,216.2659676360633
217.5609897998645,216.78397650158377
213.72067686738313,215.5586566479035
213.3035753041015,214.6566241103827
218.94830355582846,216.373295888561
222.97589370039728,219.01433501329552
222.97589370039728,220.59895848813622
218.07838082926085,219.59072742458608
218.74040099577877,219.25059685306314
218.74040099577877,219.04651851014938
220.17724328329945,219.49880841940941
218.91933059767726,219.26701729071652
217.73606244194607,218.65463535120836
214.70726728704554,217.07568812554322
214.70726728704554,216.12831979014416
218.28590148663775,216.9913524687416
218.28188312998583,217.5075647332393
218.17908143836718,217.77617141529043
220.85871546589237,219.00918903553122
218.11753551798896,218.6525276285143
217.67156795550036,218.2601437593087
222.1164210265559,219.80265466620756
218.36334458753944,219.2269306347403
215.8026329377767,217.85721155595485
215.8026329377767,217.03538010868357
220.8215976684713,218.54986713259865
225.40943175004728,221.29369297957808
225.40943175004728,222.93998848776576
230.50472293826434,225.96588226796518
231.03793537490793,227.99470351074228
231.03793537490793,229.21199625640855
232.42309643354793,230.4964363272643
222.8166818565971,227.42453453899742
222.8166818565971,225.5813934660373
229.65165359791075,227.2094975187867
233.7355879636566,229.81993369673467
225.34615248581787,228.03042121236794
212.8765107635813,221.9688570328533
209.90550128368093,217.14351473318436
189.26556582243447,205.99233516888438
186.88949841685672,198.35120046807333
190.37449727564274,195.16051919110112
170.48435843736274,185.29005488960576
170.48435843736274,179.36777630870856
195.40865143403036,185.78412635883728
224.1280857014996,201.12171009590222
221.78017221026715,209.3850949416482
221.96170277463645,214.4157380748435
221.96170277463645,217.43412395476065
223.06360039444394,219.68591453063397
226.54276206045364,222.42865354256185
226.54276206045364,224.07429694971856
222.64359042973288,223.50201434172428
221.74961254999738,222.80105362503355
217.31329175635153,220.60594887756073
226.09493490111123,222.80154328698092
223.41104997752964,223.0453459632004
220.26885194106322,221.93474835434552
218.7222971073553,220.64976785554944
219.69596956436902,220.26824853907726
222.0398852187881,220.9769032109616
222.0398852187881,221.40209601409222
221.35209725081566,221.3820965087816
226.15543491805838,223.2914318724923
226.15543491805838,224.43703309071873
224.87042137901122,224.61038840603572
216.42949153419013,221.3380296572975
216.42949153419013,219.37461440805458
222.60307141161036,220.6659972094769
222.60307141161036,221.44082689033027
222.8580151626202,222.00770219924624
224.56913264201296,223.03227437635292
226.9387232322326,224.59485391870479
225.30335380212347,224.87825387207226
221.2134334377122,223.41232569832823
226.97657404280014,224.838025036117
223.18905242659378,224.1784359923077
223.18905242659378,223.78268256602212
218.02324549592387,221.4789077379828
220.6513154473166,221.1478708217163
218.99958936481895,220.28855823895736
226.1594616548259,222.63691960530477
226.1594616548259,224.0459364251132
203.0191630503539,215.63522707520949
174.40354810552358,199.14255548733513
174.40354810552358,189.2469525346105
139.82967717686336,169.48004239151163
139.88417345041972,157.64169481507486
159.16124239057126,158.2495138452734
232.38661345624462,187.9043536896619
231.78140853842223,205.45517562916604
224.51392807490217,213.0786766074605
219.43415517420087,215.62086803415664
233.05102234854746,222.59292975991298
238.96509858308343,229.14179728918117
238.96509858308343,233.07111780674205
231.0393020133913,232.25839148940176
237.02106601358213,234.1634612990739
237.02106601358213,235.30650318487722
242.62938661312847,238.23565655617773
237.98418680442254,238.13506865547564
237.98418680442254,238.07471591505438
222.38950087721187,231.8006298999174
222.38950087721187,228.0361782908352
219.69320203364867,224.69898778796062
225.4641447828835,225.00505058592978
232.2828774797361,227.9161813434523
225.43260256588195,226.92274983242416
221.40420751521657,224.71533290554112
226.21679702413402,225.31591855297827
214.0934912338381,220.82694762532222
214.0934912338381,218.1335650687286
214.7431730377224,216.7774082563261
214.15247725604775,215.72743585621475
213.25496238896565,214.73844646931514
215.72074276823508,215.1313649888831
220.35946413731972,217.22260464825774
222.94676787872604,219.51226994044507
222.07994227481905,220.53933887419464
214.10241096748595,217.96456771151117
220.39566942641963,218.93700839747453
220.39566942641963,219.5204728090526
214.38693368443063,217.46705715920382
214.33252996482338,216.21324628145163
214.33252996482338,215.4609597548003
228.02619561289654,220.4870540980388
228.02619561289654,223.5027107039819
217.13419453513882,220.95530423644465
220.41770946894374,220.74026632944427
220.41770946894374,220.61124358524404
228.06896232165715,223.5943310798093
224.71159877390517,224.04123815744765
219.60683142998408,222.2674754664622
220.3230457139967,221.489703565476
224.6735645295735,222.76324795111498
223.18986848916336,222.93389616633434
220.0416992220362,221.7770173886151
219.8399028965811,221.0021715918015
216.86761843622554,219.3483503295711
216.86761843622554,218.35605757223288
221.12608327599412,219.4640678537374
224.42082307392988,221.4467699418144
224.42082307392988,222.63639119466058
219.66779752926732,221.44895372850328
220.47215267625305,221.0582333076032
214.34807271432894,218.37416907029348
212.8684152599871,216.17186754617092
217.57625656463065,216.7336231535548
217.02944261114698,216.85195093659166
217.02944261114698,216.9229476064138
215.59161181376808,216.3904132893555
215.48865773708863,216.02971106844876
215.48865773708863,215.81328973590473
225.53623599937507,219.70246824129288
221.27697681345126,220.33227167015622
224.37233166411812,221.94829566774098
218.6922025843322,220.6458584343775
217.01253620763993,219.19252954368247
218.3886473803486,218.87097667834894
218.35851522673246,218.66599209770237
211.56710537295677,215.82643740780415
218.35851522673246,216.83926853537548
218.35851522673246,217.44696721191826
217.72582948740072,217.55851212211124
217.6817875621751,217.60782229813677
223.56676930203642,219.99140109969665
223.6533877117487,221.45619574451746
222.0531997689968,221.69499735430918
220.92387829078498,221.38654972889952
221.34187994593756,221.36868181571475
207.12832511208595,215.67253913426322
212.96625179223363,214.59002419745138
212.96625179223363,213.94051523536427
213.8581930633245,213.90758636654837
213.88746621807456,213.89953830715885
212.43032287642416,213.31185213486498
215.5969745295912,214.22590109275546
219.09702641081293,216.17435121997846
217.82530698340756,216.8347335253501
216.5588143386841,216.72436585068368
216.5588143386841,216.65814524588387
211.2600451566959,214.49890521020868
211.2600451566959,213.20336118880357
205.33698583163363,210.0568110459356
208.26609758251357,209.34052566056678
208.26609758251357,208.9107544293455
216.87575624726549,212.0967551565135
219.63839163811363,215.11340974915356
220.3130303944056,217.19325800725437
216.40223145869535,216.87684738783076
217.3297444629051,217.0580062178605
214.61199932498465,216.07960346071016
210.43329524494868,213.82108017440555
213.00503938837267,213.4946638599924
211.6540694545491,212.75842609781506
211.6540694545491,212.31668344050868
217.02820373580334,214.20129155862656
219.9300442799179,216.4927926471431
219.9300442799179,217.86769330025302
220.7291794153844,219.0122877463056
216.28459800576076,217.92121185008767
217.54092786603738,217.76909825646754
215.49382936079073,216.8589906981968
214.08986636685884,215.7513409656616
214.82552932576388,215.38101630970252
214.82552932576388,215.15882151612706
214.25819713497708,214.79857176366707
218.4179518778125,216.24632380932525
218.4179518778125,217.11497503672015
219.67641038794568,218.13954917721037
221.91843827119942,219.651104814806
216.90680659099496,218.55338552528158
214.9667828492927,217.11874445488604
214.83556025894487,216.20547077650957
214.26946343868323,215.43106784137902
219.92341056196216,217.22800492961227
214.32162353937457,216.0654523735172
217.36780732570801,216.58639435439352
217.36780732570801,216.89895954291933
224.44204178702927,219.9161924405633
223.56228308724042,221.37462869923414
223.56228308724042,222.24969045443663
221.30008208368022,221.86984710613407
216.77787952727078,219.83306007458876
216.77787952727078,218.61098785566156
214.94006399741798,217.14261831236414
222.06947555196714,219.11336120820533
215.69005346991526,217.7440381128893
214.39918158004332,216.4060954997509
216.36902627101827,216.39126780825785
221.10163720463152,218.27541556680734
221.10163720463152,219.40590422193702
220.7119399413674,219.9283185097092
214.312492120996,217.6819879542239
214.312492120996,216.33418962093273
218.28789736990976,217.11567272052355
216.02301724344497,216.67861052969212
216.10684200047248,216.44990311800427
210.09256525653007,213.9069679734146
214.26696249141648,214.05096578061534
208.1061021662016,211.67302033484984
208.1061021662016,210.24625306739054
219.65619573944113,214.0102301362108
216.94221777342054,215.1830251910947
216.94221777342054,215.88670222402504
216.81577489815933,216.25833129367876
218.66383510446283,217.2205328179924
214.4262722033599,216.1028285721394
211.5189780072708,214.26928834619196
211.62594314127344,213.21195026422455
212.5793277657199,212.95890126482269
212.5793277657199,212.80707186518157
215.7352523228919,213.9783440482657
218.03289786911037,215.60016557660356
218.03289786911037,216.5732584936063
219.95071893246492,217.92424266914975
225.8592958217338,221.09826393018335
217.5880710749705,219.6941867880982
220.3324702124403,219.94950015783502
219.35158478994185,219.71033401067774
212.04375659932475,216.64370304613652
212.60467883785708,215.02809336282473
215.26862992588948,215.12430798805065
215.15764337454036,215.13764214264654
215.15764337454036,215.14564263540407
217.87760025495274,216.23842568322354
218.58299479775758,217.17625332903717
219.3810908238132,218.05818832694757
213.787466669606,216.34989966401093
219.2026238289635,217.49098932999198
217.87760025495274,217.6456336999763
212.18709879567265,215.46221973825482
212.11949256488768,214.12512886890795
213.31711009893445,213.80192136091856
213.31711009893445,213.6079968561249
211.7713780104264,212.8733493178455
214.24416780090917,213.42167671107097
216.4836872105843,214.6464809108763
215.72128564350228,215.0764028039267
215.76561818961613,215.35208895820247
217.54073120436948,216.22754585666928
216.42563012910017,216.30677956564162
216.42563012910017,216.35431979102503
211.22401631465766,214.30219840047806
211.22401631465766,213.07092556614992
218.38341256810273,215.19592036693103
221.30781081558584,217.64067654639297
219.37462470674274,218.33425581053288
224.27376923103506,220.71006117873375
222.40745714087785,221.3890195635914
225.09412912080364,222.8710633864763
227.04943390950604,224.54241159568818
227.04943390950604,225.54522052121533
227.56159990895776,226.35177227631232
224.66814956134166,225.67832319032408
220.48918202331936,223.6026667235222
221.39851449733865,222.7210058330488
223.78328745439143,223.14591848158585
225.17373571534156,223.95704537508814
225.17373571534156,224.44372151118952
228.2297378922522,225.9581280636146
232.17863238451417,228.44632979197445
232.17863238451417,229.93925082899034
228.61589574608658,229.40990879582884
228.46805633900203,229.03316781309812
228.46805633900203,228.80712322345968
225.64461761888504,227.5421209816298
224.85203986375683,226.4660885344806
221.3155285684456,224.40586454806657
221.3155285684456,223.16973015621818
221.15506093057297,222.3638624659601
222.70675974315074,222.50102137683635
222.70675974315074,222.58331672336212
228.63307177644933,225.003218744597
226.97686473568942,225.79267714103398
226.97686473568942,226.26635217889614
225.16244530027453,225.8247894274475
223.26835248454464,224.80221465028637
220.6219710263237,223.1301172007013
218.46839814958182,221.2654295802535
220.87520286697358,221.10933889494152
222.94848041218196,221.84499550183767
222.94848041218196,222.2863894659754
223.49460527556943,222.769675789813
222.49441707183723,222.65957230262268
222.49441707183723,222.59351021030852
221.4012553817349,222.11660827887908
220.4852610659596,221.46406939371127
217.84650764257304,220.017044693256
219.53859649580482,219.82566541427553
218.0044083467923,219.09716258728224
220.064455354135,219.48407969402336
220.064455354135,219.71622995806803
217.99118767483282,219.02621304477395
220.4230467185107,219.58494651426864
220.4230467185107,219.92018659596545
225.7000362205182,222.23212644578655
229.14826077895904,224.99858017905552
229.14826077895904,226.65845241901695
221.9502544151052,224.77517321745225
223.4895297008583,224.26091581081468
221.1349529306174,223.01053065873577
221.46249680162697,222.39131711589224
221.45013840750482,222.0148456325373
220.36823912009388,221.35620302755993
220.36823912009388,220.9610174645735
211.45390449100043,217.1581722751443
207.29121818896462,213.21139064067245
207.29121818896462,210.84332165998933
198.66490359114061,205.97195443244985
194.79686389057142,201.50191821569848
187.1373914663475,195.7561075159581
181.19391684051092,189.9312312457792
176.93214882559934,184.73159827770726
179.68694959235367,182.71373880356583
179.68694959235367,181.50302311908098
173.73509870412133,178.3958533530971
172.14044285068488,175.8936891521322
172.14044285068488,174.39239063155327
175.5475213774387,174.85444292990746
171.91768821005928,173.6797410419682
174.33770275495192,173.9429257271617
172.09002080640852,173.20176375886044
173.9439176219195,173.49862530408404
174.98599140971993,174.0935717463384
174.98599140971993,174.450539611691
175.0382116926973,174.68560844409353
173.23289932566306,174.10452479672136
173.23289932566306,173.75587460829803
172.8326847255179,173.386598655186
177.09828475961808,174.87127309695882
172.8164712303213,174.04935235030382
174.3151030724754,174.15565263917244
174.3151030724754,174.21943281249364
174.3678232165081,174.27878897409943
174.3678232165081,174.3144026710629
171.84219931158262,173.3255213272708
172.55145717640795,173.01589566692564
172.55145717640795,172.83012027071857
168.8616512186497,171.24273264989102
167.4826716088969,169.73870823349338
172.43889318944545,170.8187822158742
172.40895054931812,171.45484954925178
172.37344616056384,171.82228819377661
175.98137194570126,173.48592169454645
171.50823136913218,172.69484556438073
176.22872289543216,174.1083964968013
174.815069034441,174.39106551185716
174.815069034441,174.5606669208907
172.31916487890012,173.66406610409447
169.34116448979685,171.93490545837543
166.66331881625067,169.8262708015255
167.67853723719978,168.96717737579522
166.91518046004654,168.14637860949574
170.78334583905763,169.2011655013205
171.63615321983266,170.17516058872536
171.63615321983266,170.75955764116827
175.42596041434126,172.62611875043746
175.42596041434126,173.74605541599897
175.44542963407417,174.42580510322904
172.6381437865792,173.7107405765691
172.6218402503824,173.27518044609442
175.0330877037356,173.9783433491509
172.51265919974833,173.39206968938987
171.7540624429778,172.73686679082505
170.10233548530732,171.68305426861795
170.10233548530732,171.0507667552937
172.06575026064135,171.45676015743277
170.97364385279266,171.26351363557671
177.8434285041629,173.8954795830112
179.44348383518204,176.11468128387952
179.44348383518204,177.44620230440052
176.42453216740805,177.03753424960354
173.99307837690827,175.81975190052543
173.92748373817463,175.06284463558512
173.64632744309287,174.49623775858822
173.64632744309287,174.15627363239008
172.3091853278382,173.41743831056934
168.59338515611398,171.48781704878718
168.59338515611398,170.3300442917179
171.79177432200112,170.9147363038312
171.79177432200112,171.26555151109918
177.94086019821623,173.93567498594598
175.72391873359282,174.65097248500473
174.49115809896534,174.58704673058898
172.38089660765118,173.70458668141384
171.98561243870392,173.01699698432986
173.58644499016154,173.24477618666253
173.0597573798466,173.17076866393614
173.0597573798466,173.12636415030033
172.57523368027006,172.9059119622882
174.04750572510272,173.362549467414
171.93551479113168,172.79173559690105
164.34392775337727,169.41261245949153
164.34392775337727,167.38513857704584
156.35843905175122,162.97445876692797
149.38847686304422,157.54006600537446
143.40732051158403,151.8869678078583
137.19662400391746,146.010830286282
137.19662400391746,142.48514777333617
126.27075044039448,135.9993888401595
118.36094973483787,128.94401319803086
118.36094973483787,124.71078781275367
102.78445849951257,115.94025608745723
102.78445849951257,110.67793705227936
97.38898880748482,105.36235775436154
95.29408673702027,101.33504934742504
95.43715226957046,98.97589051628321
96.12943929717044,97.8373100286381
96.12943929717044,97.15416173605104
94.59045984425939,96.12868097933438
94.49139856610579,95.47376801404295
94.49139856610579,95.08082023486807
94.94312444966192,95.0257419207856
96.79255131774168,95.73246567956804
92.45207097862118,94.42030779918929
92.27092043049744,93.56055285171254
92.26267703562382,93.04140252527705
94.46279203925748,93.60995833086922
93.50608680113785,93.56840971897667
94.3489039141714,93.88060739705456
92.71050475168681,93.41256633890745
92.71050475168681,93.13174170401919
93.75684593269261,93.38178339548855
97.82774475921899,95.16016794098073
97.82774475921899,96.22719866827603
95.30730927835911,95.85924291230927
95.30730927835911,95.6384694587292
93.83915691017513,94.91874443930757
93.90854748708034,94.51466565841667
94.00777254525593,94.31190841315237
93.95906802467522,94.17077225776151
93.95906802467522,94.08609056452698
90.61284915466219,92.69679400058106
90.42044951593842,91.786256206724
90.42044951593842,91.23993353040977
89.43668123198981,90.51863261104178
86.95086809754329,89.09152680564239
85.71675135816051,87.74161662664963
85.959907917675,87.02893314305977
85.32500089122263,86.34736024232492
83.30493103859375,85.13038856083244
83.30493103859375,84.40020555193696
85.39660257762247,84.79876436221117
80.97495279120342,83.26923973380808
79.55711186807964,81.7843885875167
80.21827829572196,81.15794447079881
81.65969130975348,81.35864320638068
83.04223442119371,82.03207969230589
83.02833513623644,82.43058186987811
80.50217253561829,81.65921813617419
80.51452802283218,81.20134209083739
81.0387321787206,81.13629812599066
79.83623817383972,80.61627414513029
77.04808134111238,79.18899702352313
79.95400615728589,79.49500067702823
82.72160150251202,80.78564100722174
82.72160150251202,81.56002520533785
85.14057440390773,82.9922448847658
85.67388370411368,84.06490041250495
89.13103383930807,86.0913537832262
89.13103383930807,87.30722580565896
87.0757379855494,87.21463067761513
85.49165933789241,86.52544214172605
85.49165933789241,86.11192902019259
85.49788940917716,85.86631317578642
85.62999017538165,85.77178397562452
83.70823267849197,84.9463634567715
85.1561641369463,85.03028372884143
85.1561641369463,85.08063589208336
91.19156997299635,87.52500952444856
89.58345937499163,88.34838946466579
89.34801532119307,88.74823980727669
89.93368819085339,89.22241916070737
88.56424697490598,88.95915028638683
85.57013844817506,87.60354555110212
85.57013844817506,86.79018270993129
87.95229513898438,87.25502768155252
90.40024837735024,88.51311595987161
89.61631827991276,88.95439688788807
90.63411752477224,89.62628514264173
88.16398443539104,89.04136485974146
84.6172572048459,87.27172179778324
86.62259365084746,87.01207053900893
85.45428765069518,86.38895738368343
85.6422317307726,86.0902671225191
86.5757131838437,86.28444554704893
84.27716284942944,85.48153246800113
88.38996021667195,86.64490356746947
86.9995221298722,86.78675099243057
87.12959945354773,86.92389037687744
87.12959945354773,87.00617400754555
84.96566786736918,86.189971551475
84.86409747497474,85.65962192087488
84.9752915527989,85.3858897736445
85.18729899522816,85.30645346227796
83.18090993571538,84.45623605165292
85.18729899522816,84.74866122908301
85.18729899522816,84.92411633554107
86.75365064460019,85.65593005916472
87.09174456167067,86.23025586016709
86.96356887816331,86.52358106736558
86.58582983003465,86.54848057243322
87.81158851882277,87.05372375098904
85.43769267214552,86.40731131945162
85.7490572528406,86.1440096928072
83.49182007154656,85.08313384430295
83.3389011377134,84.38544076166713
83.72696618985586,84.12205093294261
82.42145245618048,83.44181154223776
82.42145245618048,83.03366790781484
86.34012116329481,84.35624921000684
88.28301265183912,85.92695458673975
88.28301265183912,86.8693778127795
88.4618190701849,87.50635431574166
85.40456366929531,86.66563805716312
84.39149747136052,85.75598182284207
81.57825263624409,84.08489014820287
87.61130752774112,85.49545710001817
88.12204059333249,86.5460904973439
88.12204059333249,87.17647053573933
94.31525947867044,90.03198611291177
90.69065149902018,90.29545226735513
90.39136482927927,90.33381729212479
88.99400046939054,89.7978905630311
88.99400046939054,89.47633452557488
88.43791299616417,89.0609659138106
86.2521703602579,87.93744769238953
87.8946688815514,87.92033616805426
91.24836171909179,89.25154638846928
87.6471810452917,88.60980025119825
86.68933156703882,87.84161277753448
86.68933156703882,87.38070029333622
86.4766269578722,87.01907095915061
86.79332328460754,86.92877188933338
90.94675335426753,88.53596447530704
85.33344538857997,87.25495684061622
82.68246183619644,85.4259588388483
82.03376134039523,84.06907983946707
82.13266503463666,83.2945139175349
87.01557145079146,84.78293693083752
85.40963143884622,85.03361473404101
82.93834089387586,84.19550519797494
85.00365632314428,84.51876564804267
82.04275438428806,83.52836114254083
83.5132964496308,83.52233526537682
82.0487536537533,82.93290262072742
82.0487536537533,82.57924303393776
80.61870335522968,81.79502716245452
81.34172095807897,81.6137046807043
83.66066527032773,82.43248891655367
82.62480171380095,82.50941403545258
84.04179740855986,83.12236738469548
85.41665460573873,84.04008227311277
85.41665460573873,84.59071120616315
86.32226201538928,85.2833315298536
83.67894918510831,84.6415785919555
80.92498061025417,83.15493939927495
82.38631091179465,82.84748800428284
82.38631091179465,82.66301716728756
80.90323483711978,81.95910423522045
83.95315627845746,82.75672505251525
86.01958731995202,84.06186995948995
88.69224243111404,85.91401894813959
87.69957548078219,86.62824156119663
92.44210615112911,88.95378739716962
92.44210615112911,90.34911489875341
80.91876308715659,86.5769741741147
79.9805495451104,83.93840432251298
83.44522351153194,83.74113199812055
83.91194397040633,83.80945678703486
83.547813779614,83.7047995840665
86.52500811778012,84.83288299755195
88.13543786033243,86.15390494266414
88.95111605476164,87.27278938750314
85.65392426650696,86.62524333910466
85.79595690016168,86.29352876352746
85.27868974413232,85.88759315576941
85.27868974413232,85.64403179111457
76.37089646952276,81.93477766247784
78.56782421982354,80.58799628541612
78.56782421982354,79.77992745917909
82.4249478900061,80.8379356315099
86.32897248500448,83.03435037290774
87.75564661745396,84.92286887072623
87.10032748714025,85.79385231729185
85.98568642631156,85.87058596089973
84.0076754057546,85.12542173884168
89.35670862306789,86.81793649253217
84.19526489394327,85.76886785309661
82.99283674720387,84.65845541073952
84.72483830490118,84.68500856840419
84.63579075043454,84.66532144121632
84.63579075043454,84.6535091649036
85.49633409340855,84.99063913630557
87.73684332367371,86.08912081125283
89.66170611843556,87.51815493412593
89.66170611843556,88.3755754078498
85.5725835585343,87.25437866812359
86.41606527503278,86.91905331088726
86.41606527503278,86.71785809654547
82.43715078822328,85.00557517321658
83.30489630493481,84.32530362590387
86.36346488154827,85.14056812816162
87.73684332367371,86.17907820636646
87.73684332367371,86.80218425328937
86.90522132849713,86.84339908337247
88.04342723461419,87.32341034386916
81.00384184269424,84.79558294339918
83.91422046603951,84.44303795245531
82.23221827079712,83.55871007979204
77.94800258470724,81.31442708175811
77.94800258470724,79.96785728293776
81.12666194994073,80.43137914973894
82.83676625818785,81.3935339931185
82.83676625818785,81.97082689914623
83.92909941237326,82.75413590443705
87.34210854942789,84.58932496243338
87.99423945000578,85.95129075746235
85.76787141892316,85.87792302204667
83.43800702150156,84.90195662182863
85.55770056189228,85.16425419785409
85.55770056189228,85.32163274346937
82.12651622995011,84.04358613806167
82.72836420998117,83.51749736682947
82.56869882622624,83.13797795058818
80.67138258842932,82.15133980572463
80.67138258842932,81.55935691880651
82.61689689689578,81.98237291004222
85.30475840893361,83.31132710959878
83.23046266793247,83.27898133293226
84.3850942863305,83.72142651429155
84.63283955597983,84.08599173096687
81.15348482328321,82.9129889678934
80.49109099087296,81.94422977708521
79.37510202124994,80.91657867475111
77.30378714683796,79.47146206358585
77.30378714683796,78.6043920968867
83.26456708571544,80.4684620924182
82.38923586487265,81.2367716014
82.38923586487265,81.69775730678906
84.12293780600787,82.66782950647658
83.98484610922277,83.19463614757507
77.662138808177,80.98163721181584
80.39893742419324,80.74855729676679
77.55389970626845,79.47069426056746
78.38102030010282,79.0348246763816
78.38102030010282,78.77330292587008
80.81390344419688,79.5895431332008
76.15098583605457,78.21412021434232
76.15098583605457,77.38886646302721
83.56724767082758,79.86021894614736
83.73361312008066,81.40957661572068
79.03778450617665,80.46085977190307
79.52544843809966,80.08669523838171
83.56724767082758,81.47891621136006
80.41434098833763,81.05308612215109
80.41434098833763,80.7975880686257
79.61330609080382,80.32387527749695
82.72836420998117,81.28567085049063
82.72836420998117,81.86274819428684
84.60726903971025,82.9605565324562
84.20989379022649,83.4602914355643
86.02809807237148,84.48741409028717
85.75974841070533,84.99634781845444
89.24550893499452,86.69601226507046
88.67678321489372,87.48832064499976
88.67678321489372,87.96370567295733
90.27635850586734,88.88876680612134
88.05859117677613,88.55669655438325
88.05859117677613,88.3574544033404
89.10616185933206,88.65693738573705
84.908204275788,87.15744414175742
84.908204275788,86.25774819536966
74.59707280843385,81.59347804059533
68.4721382242048,76.34494211403911
64.50584299531985,71.60930246655141
56.69046664633196,65.64176813846363
54.83456960751727,61.318888726085085
49.74820559925896,56.69061547535463
49.74820559925896,53.91365152491636
38.84956495802956,47.888016898161645
30.97442989975135,41.12258209879753
30.97442989975135,37.06332121917906
18.12407635989579,29.48762327546575
18.56957373891044,25.120403460843626
15.65614370370251,21.33469955798718
9.672772669817915,16.669928802719475
6.912568818633801,12.766984809085205
5.5704038568145755,9.888352428176953
5.5704038568145755,8.161172999632
8.812470997535337,8.421692198793336
3.044592411853074,6.270852284017231
6.72371275182833,6.451996471141671
5.54347560647826,6.088588125276306
5.894611815926179,6.010997601536255
5.9724023137446896,5.995559486419629
2.6971648977155134,4.6762016509379825
2.635535373450156,3.859935139942852
2.52282858048444,3.3250925161594873
2.52282858048444,3.0041869418894684
0.9358427859327615,2.1768492795067855
1.5264753893218517,1.916699723432812
359.3834856173698,144.9034140810076
1.2073944970543533,87.42500624742631
359.47298892293617,196.24419931763026
3.2290921980946914,119.03815646981602
3.580305600968311,72.85501612227694
3.580305600968311,45.14513191375348
2.3614850964778573,28.03167318684323
2.5246232715201318,17.82885322071399
3.1752195860968215,11.967399766867123
359.05332064484526,150.80176811805836
357.1828868805036,233.35421562303645
1.167585493405541,140.4795635711841
1.167585493405541,84.75477234007266
359.43534296377993,194.6270005895556
3.044592411853074,117.99403731847457
3.044592411853074,72.01425935582596
2.3646016520280755,44.1543962743068
3.3814150952678905,27.845203802691234
358.75579960739816,160.20944212457403
0.12764161031826934,96.17672191887172
357.25188368688697,200.60678662607782
4.001981291479223,121.96486449223838
4.001981291479223,74.77971121193472
2.2209354655424987,45.75620091337783
5.363985019967904,29.59931455601386
5.363985019967904,19.905182741595475
3.6328081535824515,13.396232906390264
2.9561945547907067,9.22021756575044
2.2136275128536815,6.417581544591736
2.866622076834594,4.997197757488879
2.4429425741034367,3.975495684134702
3.513309820871973,3.7906213388296104
3.513309820871973,3.6796967316465556
4.766749620880246,4.114517887340032
1.0791458122124866,2.9003690572890135
1.2091655789892055,2.2238876659690905
1.7147904548869122,2.0202487815362193
0.8672372763635507,1.559044179467152
0.5617241269001169,1.1601161584403379
358.7097933357634,144.17998702936956
358.7097933357634,229.99190955192708
356.4826828750456,280.5882188811745
356.4826828750456,310.94600447872295
359.06868255945864,330.19507571101724
0.08380909345818839,198.1505690639936
2.837831465373996,120.02547402454574
358.3367372165088,215.34997930133096
358.3367372165088,272.54468246740214
0.6237821415714757,163.77632233706987
357.91199794316907,241.43059257950955
357.91199794316907,288.0231547249733
358.71331924074866,316.2992205312835
2.6594484016586297,190.84331167943355
357.9450955000932,257.6840252076974
357.9846802776667,297.80428723568514
359.47298892293617,322.4717679105855
357.1828719768951,336.35620953710935
357.1828719768951,344.68687451302367
358.3367372165088,350.1468195944177
356.5605802741127,352.7123238662957
356.5605802741127,354.2516264294225
358.3085050171906,355.8743778645297
356.75949843239016,356.2284260916739
0.845588031151,214.07529086746473
356.56648325855423,271.07176782390053
356.93660106279503,305.41770111945834
353.8250660191857,324.78064707934925
353.8250660191857,336.39841465528383
354.9707477017486,343.8273478738697
357.15641162391125,349.15897337388634
357.15641162391125,352.3579486738963
359.38698306912465,355.16956243198763
356.333190711299,355.6350137437122
358.6265541150701,356.83162989225536
356.1935352303975,356.57639202751227
357.1932938002014,356.82315273658793
355.77593159722045,356.40426428084095
358.3085050171906,357.16596057538084
356.39687859332065,356.8583277825568
358.2800686574677,357.4270241325212
1.2292951854080134,214.9479325536759
356.65002869971977,271.62877101209347
356.65002869971977,305.63727408714396
358.19777945950966,326.66147623609027
358.98563375823244,339.59113924494716
357.98211107873004,346.94752797846036
0.12764161031826934,208.21957343120351
354.926193264342,266.9022213644589
3.129201396229543,161.39301337716716
3.129201396229543,98.08748858479211
3.4726684291684085,60.24156052254263
3.1509665324192495,37.40532292649328
0.4469835019406859,22.62198715667224
356.5842043945757,156.20687405183364
356.5842043945757,236.35780618893045
356.4445984552966,284.3925230954769
355.85881082421946,312.979038186974
354.6038287352021,329.6289544062652
5.316456278219237,199.90395515504682
3.0745710525885195,121.17220151406349
2.461520025468232,73.68792891862537
2.461520025468232,45.197365361362515
10.776702221974476,31.429100105607297
4.868144946251252,20.80471804186488
1.9748275622583975,13.272761850022286
358.72502093659995,151.45366548465336
358.72502093659995,234.36220766543198
358.20509170837386,283.89936128260877
356.2470215104336,312.8384253737387
356.17125226722777,330.1715561311343
359.4710117014085,341.89133835924395
356.17440784867676,347.6045661550171
359.4552226671319,352.34482875986305
359.4552226671319,355.1889863227706
3.294879490008698,214.43134358966583
5.680736745886238,130.931100852154
2.5473793134625766,79.57761223667744
3.505224896312803,49.14865730053159
3.505224896312803,30.891284338844073
358.7097933357634,162.0186879376118
355.87307530230794,239.56044288349025
354.3315320795586,285.46887856191756
354.3315320795586,313.013939968974
356.7287567588787,330.4998666849359
356.1726847112694,340.7689938954693
356.1726847112694,346.93047022178934
356.256236035413,350.6607765472388
357.070499193245,353.22466560564123
359.1871747886612,355.6096692788492
0.7493477348005972,213.66554066122976
0.7493477348005972,128.49906349065807
0.8924722762164328,77.45642700488142
356.83866263474874,189.20932125682836
355.2016954052869,255.60627091621177
355.2016954052869,295.4444407118418
354.16793926528095,318.9338401332175
356.07306138243706,333.78952863290533
355.73733530470616,342.56865130162566
357.01163924226574,348.3458464778817
357.01163924226574,351.8121635836353
0.7046785466082157,211.36916956882445
1.857641804569216,127.56455846312235
3.0682196816857363,77.76602295054771
359.5256549830976,190.46987576356767
359.0911707214757,257.9183937467309
354.44346659834605,296.52842288737696
354.44346659834605,319.6944403717646
359.1875530483177,335.4916854423858
358.43515961876636,344.669075112938
0.7366728264427089,207.09611419833988
1.7404604589677033,124.95385270259099
1.7404604589677033,75.66849580514167
1.1589442223895903,45.86467517204084
356.3057625588528,170.04111012676563
355.8053674240807,244.34681304569165
352.17451949199386,287.4778956242125
351.7770424680812,313.19755436176
356.1868283822324,330.393263969949
351.77310636329787,338.9452009272885
352.886351370378,344.5216611045243
352.886351370378,347.86753721086575
358.7515817387207,352.22115502200774
357.15621038260105,354.19517716624506
357.15621038260105,355.37959045278745
354.3340608536429,354.9613786131296
351.5509702116455,353.597215252536
352.21899826108074,353.0459284559539
352.21899826108074,352.7151563780046
348.28670620528356,350.9437763089162
350.6376205513376,350.82131400588474
355.7606291127298,352.79704004862276
358.0757697474101,354.9085319281377
358.0757697474101,356.1754270558466
357.96168776909735,356.88993134114696
356.7801539050341,356.84602036670185
351.37500998403345,354.65761621363447
356.87330618383066,355.54389220171294
356.87330618383066,356.07565779456
350.9777869150342,354.03650944274966
357.96838068192136,355.60925793841835
358.8554449499775,356.907732743042
358.8554449499775,357.6868176258162
358.78589749951755,358.12644957529676
356.6999131836693,357.5558350186458
356.6999131836693,357.21346628465517
353.0073161590546,355.5310062344149
349.24979161833915,353.0185203879846
354.11639988171515,353.4576721854768
349.29209339129335,351.7914406678034
352.5441373544374,352.09251934245697
356.88461637188647,354.0093581542287
350.9897736137253,352.8015243380273
356.1162785724529,354.12742603179754
356.1162785724529,354.9229670480597
353.23587681126395,354.2481309533414
350.5358260021694,352.7632089728726
348.5614047326369,351.08248727677835
349.06237310344653,350.2744416074456
349.06237310344653,349.78961420584596
355.49839423906866,352.073126219135
351.1254857491145,351.6940700311268
352.0580687157533,351.83966950497734
352.0580687157533,351.92702918928774
354.4895893911089,352.9520532700162
356.8918732835417,354.52798127542644
356.8918732835417,355.47353807867256
350.76314746909844,353.5893818348429
350.76314746909844,352.4588880885451
346.83425306063697,350.20903407738183
349.3662157202258,349.8719067345194
349.3662157202258,349.669630328802
355.7884510048453,352.1171585992193
351.9208915726594,352.0386517885953
355.6899369995982,353.4991658729965
355.6899369995982,354.3754743236372
353.39373265353777,353.98277765559743
356.93914246371475,355.1653235788443
351.5592997130257,353.7229140325169
353.2084121858476,353.5171132938492
353.2084121858476,353.3936328506486
348.3101128388807,351.3602248459414
347.815256364423,349.94223745333403
349.19311616107797,349.6425889364316
350.49575676056276,349.98385606608406
353.1627094295042,351.2553974114521
353.42257929358203,352.1222701643041
349.7323900151578,351.1663181046456
348.18180296166867,349.9725120474548
348.18180296166867,349.2562284131403
351.14816912827007,350.01300469919227
350.40846080671264,350.17118714220044
350.40846080671264,350.26609660800534
354.56028565937123,351.9837722285517
351.2048588680544,351.67220688435276
355.9623475779335,353.38826316178506
355.9623475779335,354.41789692824443
347.6087587844538,351.69424167072816
345.97350231305387,349.4059459276584
349.28880222290553,349.35908844575727
351.8170379164656,350.3422682340406
351.8170379164656,350.9321761070106
353.3178817612423,351.8864583687033
348.5441171450865,350.5495218792566
348.7373659050745,349.8246594895838
347.8858371305759,349.04913054598063
347.8858371305759,348.5838131798188
351.14451194172364,349.6080926845807
351.14451194172364,350.2226603874379
349.74426824617456,350.0313035309326
346.62009456657466,348.6668199451894
351.95093004859166,349.98046398655026
349.10660212435494,349.63091924167213
349.10660212435494,349.4211923947453
354.18963203542637,351.3285682510177
356.51441637381686,353.40290750013736
354.4627933911262,353.8268618565329
349.5067068512682,352.098799854427
347.3534089409975,350.2006434890552
351.8393705828452,350.85613432657124
356.81852722848026,353.24109148733487
355.92379646913975,354.3141734800568
355.92379646913975,354.95802267569
355.7577868297239,355.2779283373036
356.9892341012173,355.96245064286904
356.9892341012173,356.3731640262083
352.9955669440166,355.02212519333165
353.0951402637466,354.25133122149765
350.31660519529424,352.67744081101625
356.16050254825825,354.0706655059131
353.8843427448512,353.99613640148834
355.4963256770945,354.5962121117308
1.4729917855866759,213.34692398127314
1.923787584558993,128.77766942258748
1.923787584558993,78.03611668737608
358.81930725542327,190.34939291459494
353.6646079911117,255.67547894520166
356.3176894052192,295.9323631292087
355.7647742660617,319.86532758394986
355.7647742660617,334.22510625679456
353.11464890932166,341.7809233178054
356.24571715974827,347.56684085458255
351.75263652121305,349.2411591212348
351.75263652121305,350.2457500812261
355.2873246087026,352.2623798922167
355.263643251339,353.4628852358656
357.8792158645968,355.2294174873581
355.13859759934616,355.1930895321533
355.13859759934616,355.17129275903045
353.6794024982551,354.5745366547203
352.8697187389377,353.8926094884073
351.4580881450182,352.9188009510517
350.6592241358434,352.01497022496835
352.1069329178885,352.05175530213637
352.976315579694,352.4215794131594
352.976315579694,352.64347387977324
353.61517592131844,353.03215469639133
353.61517592131844,353.26536318636215
352.74173902579133,353.05591352213384
351.20536774713787,352.31569521213544
351.20536774713787,351.87156422613646
353.37214748263216,352.4717975287347
352.0328844849295,352.29623231121263
357.9301192910867,354.54978710316226
350.2035129991018,352.8112774615381
352.7480108254912,352.7859708071193
353.10957321381454,352.9154117697974
352.77413944431936,352.8589028396062
348.233319480464,351.00866949594933
348.233319480464,349.8985294897552
348.72356090483265,349.4285420557862
350.80181388070304,349.97785078575293
358.18200629513746,353.25951298950673
2.5957468391755687,212.99400652937425
2.5957468391755687,128.83470265329478
0.8547303732753805,77.64271374128703
359.6743330705453,190.45536147299032
2.7255623808680096,115.36344183614139
2.7255623808680096,70.30829005403203
3.957705209757485,43.76805611632221
3.0129119109659652,27.46599843417971
3.056869487602648,17.702346855548885
1.7868232220813507,11.33613740216187
1.7868232220813507,7.516411730129662
1.4493077613837695,5.089570142631305
359.2715304125203,146.76235425058692
2.9930309467930853,89.2546249290694
2.9930309467930853,54.74998733615887
5.5103991875220695,35.05415207670414
4.139644725464171,22.688349136208153
6.114217061405395,16.05869630628705
4.868879693153895,11.582769661033788
4.868879693153895,8.897213673881831
0.8676821376792544,5.6854010594008
4.976155620159972,5.401702883704469
4.932054458999702,5.213843513822562
5.687964978242007,5.4034920995903395
5.687964978242007,5.517281251051006
1.7842207780041859,4.024057061832278
0.002022120748756971,2.4152430853988696
5.462642974736098,3.6342030411337607
5.462642974736098,4.3655790145746955
3.608146327338346,4.0626059396801555
12.207811064936092,7.320687989782529
12.207811064936092,9.275537219843955
6.268323540305125,8.072651748028424
10.425891716344333,9.013947735354787
4.692210502828461,7.285252842344256
352.15350896170577,145.23255529008887
355.9531666695681,229.52079984188055
6.015776080814798,140.11879033745424
359.45359579833877,227.85271252180803
15.218605862045116,142.79906985790285
15.218605862045116,91.76688425955975
14.301502158137733,60.78073141899094
359.2570041156594,180.17124049765832
356.5394618768145,250.7185290493208
353.42411683219774,291.8007641624716
353.42411683219774,316.45010523036206
6.103172082059185,192.31133197104091
352.7561590155909,256.4892627888609
7.172042386608406,156.7623746279599
7.172042386608406,96.9262417314193
3.0838962054087284,59.389303521015066
3.3239577635757707,36.96316521803935
14.923945455453273,28.147477313004917
1.2019562184572263,17.36926887518584
1.2019562184572263,10.902343812494394
7.528872778887226,9.552955399051527
0.4879130706481993,5.926938467690196
0.4879130706481993,3.751328308873397
3.9223750226370226,3.819746994378847
2.4419886623370615,3.2686436615621326
359.6828079865244,145.83430939154704
359.6828079865244,231.37370882953797
1.2505970900844054,139.32446413375655
359.0365635575694,227.2093039032817
4.026231520253917,137.93607495007058
7.504965026257933,85.76363098054551
7.504965026257933,54.46016459883048
5.274557982014119,34.785921952103934
355.35999816470644,163.01555243714492
358.52999466593656,241.22132932866157
357.8103390322032,287.85693321007824
351.22025381052106,313.2022614502554
353.59963514432945,329.36121092788505
348.9870380022675,337.2115417576381
358.4188249076451,345.6944550176409
358.4188249076451,350.78420297364255
5.810440239641097,212.79469788004198
1.2149807132704378,128.16281101333337
1.2149807132704378,77.38367889330819
359.65775380052304,190.29330885619413
4.413048610982204,115.94120475810936
2.2721455584810712,70.47358107825805
2.2721455584810712,43.193006870347254
2.9297355637947278,27.087698347726246
2.8892816738215563,17.40833167816437
358.93341395516046,154.0183645889628
359.5403310944599,236.22715119116162
359.5403310944599,285.5524231524809
0.833450602023087,171.66483413229778
6.299462505102781,105.51868548141978
5.681299378194623,65.58373104012972
6.2567527666096625,41.8529397307217
4.843582727216687,27.049196929319695
4.944918217137373,18.207485444446764
4.944918217137373,12.902458553523008
0.7235565049557678,8.030897734096111
2.355702160875425,5.760819504807837
1.6920808869984296,4.133324057684074
1.9013839735543292,3.2405480240321762
1.9013839735543292,2.7048824038410375
3.6696586455966016,3.0907929005432635
12.829567331750004,6.98630267302596
6.417747544752265,6.758880621716482
8.819611210198035,7.583172857109103
7.737888046142183,7.6450589327223355
13.491569536809058,9.983663174357025
4.525798131946183,7.800517157392688
6.288037744112626,7.195525392080664
6.288037744112626,6.832530332893449
1.862278083199087,4.844429433015704
10.267810621636876,7.013781908464173
10.267810621636876,8.315393393733254
13.169544391047541,10.257053792658969
9.089093105299323,9.789869517715111
8.080023466756241,9.105931097331563
18.73781110860725,12.958683101841839
11.4887880262069,12.370725071587863
8.020191378286126,10.630511594267167
12.177879261119894,11.249458661008259
6.129651785878454,9.201535910956338
6.129651785878454,7.972782260925184
5.5150251409052435,6.989679412917209
7.469074829253604,7.181437579451767
11.140278946048202,8.76497412609034
7.197458034149662,8.137967689314069
7.197458034149662,7.761763827248306
8.568382773266372,8.084411405655532
4.704651831057444,6.732507575816297
14.360080060888798,9.783536569845296
8.722840487189977,9.359258136783168
5.749094776770431,7.915192792778074
9.279651407585225,8.460976238700933
9.279651407585225,8.788446306254649
14.064375088015984,10.898817818959184
13.038216861178547,11.75457743584693
10.89574087441994,11.411042811276134
16.249506854859035,13.346428428709295
16.249506854859035,14.507659799169192
12.46548420498046,13.690789561493698
13.474187723118682,13.604148826143692
12.88067779723391,13.31476041457978
12.88067779723391,13.141127367641431
8.277310160527875,11.195600484796008
8.806497766350546,10.239959397417824
8.806497766350546,9.666574744990912
9.427219468595986,9.570832634432943
11.636506881265097,10.397102333165805
7.057837677287878,9.061396470814636
11.579670322323812,10.068706011418307
6.607550147113662,8.68424366569645
10.51736999495089,9.417494197398227
13.1289946285359,10.902094369853295
13.13676502468444,11.795962631785752
13.13676502468444,12.332283588945227
9.224110259162185,11.08901425703201
14.09989265687828,12.293365616970519
12.3300735661971,12.30804879666115
21.084627295271563,15.818680196105316
21.084627295271563,17.925059035771817
17.91725686571083,17.92193816774742
18.66992553452744,18.221133114459427
16.112025441637318,17.377490045330582
8.124152391056787,13.676154983621064
355.8499377809604,150.54566810255682
347.0931940566587,229.16467848419757
347.0931940566587,276.336084713182
336.50739649200176,300.40460942470986
329.80815329250083,312.1660269718262
313.2492493809771,312.5993159354866
310.69134465398105,311.8361274228844
310.69134465398105,311.378214315323
293.2497157501454,304.126814889252
286.6885697711994,297.15151684203096
264.17501084440295,283.96091444297974
253.9940798529413,271.9741806069644
247.17558516540484,262.0547424303406
245.94684797973844,255.6115846500997
245.94684797973844,251.7456899819552
237.21949989488553,245.93521394712735
241.97226090585812,244.35003273061966
227.01501180747758,237.41602436136282
226.25919039871712,232.95329077630453
222.53539681887847,228.78613319333408
228.28224493673133,228.58457789069297
228.28224493673133,228.4636447091083
219.51769855709244,224.88526624830195
227.06341118897595,225.75652422457156
216.29328321451612,221.97122782054936
223.7624891962907,222.68773237084588
223.7624891962907,223.1176351010238
218.5904134021931,221.30674642149154
226.29475787416962,223.3019510025628
219.3213425888793,221.70970763708937
223.63625886055632,222.48032812647614
223.63625886055632,222.94270042010822
223.61570817476164,223.2119035219696
219.778120060555,221.83839013740376
217.2135615105375,219.98845868665728
217.2135615105375,218.87849981620934
221.73640826877366,220.02166319723506
217.84886161117802,219.15254256281224
217.84886161117802,218.63107018215857
223.38530744643916,220.5327650878708
224.12026216913992,221.96776392037845
221.46436639246434,221.76640490921278
221.2590405796126,221.5634591773727
219.66857883953716,220.8055070422385
220.06141129690022,220.50786874410318
221.0248333923883,220.71465460341722
218.16854667473643,219.6962114319449
218.16854667473643,219.0851455290615
221.10136087879556,219.89163166895514
222.3992357729317,220.89467331054576
221.47891496598334,221.12836997272078
220.58764808287805,220.9120812167837
220.58764808287805,220.78230796322143
224.08646428462075,222.10397049178115
231.51537072464947,225.86853058492846
223.3110179385783,224.84552552638837
223.4748569890934,224.2972581114704
228.20128615859448,225.85886933032003
224.12894293587414,225.16689877254166
224.12894293587414,224.75171643787465
223.47235652763996,224.23997247378077
231.26491320193912,227.04994876504412
227.40123653357801,227.19046387245766
228.92428414425308,227.88399198117583
228.92428414425308,228.30010884640674
233.28923740015318,230.2957602679053
230.39644430188437,230.33603388149695
227.767710555918,229.30870455126538
227.767710555918,228.69230695312643
224.34455895361847,226.95320775332326
228.20740631804125,227.45488717921046
226.25277868774256,226.9740437826233
222.57826978272553,225.2157341826642
222.57826978272553,224.16074842268873
225.57060642238113,224.72469162256567
222.02591803646368,223.6451821881249
222.02591803646368,222.9974765274604
212.63652914091884,218.85309757284378
216.32454113312127,217.84167499695477
210.01035826229835,214.7091483030922
210.01035826229835,212.82963228677468
214.99591443251876,213.6961451450723
215.61770375682374,214.46476858977286
210.6715939172636,212.94749872076918
221.6675869234283,216.43553400183282
221.6675869234283,218.528355170471
210.97871353140306,215.5084985148438
217.79368630035012,216.42257362904633
217.79368630035012,216.97101869756784
209.46617093840467,213.96907959390256
205.9769122338673,210.77221264988847
203.4139508163196,207.82890791646093
203.4139508163196,206.06292507640438
210.87791380941678,207.98892056960935
208.5228124148594,208.20247730770936
211.6546653858229,209.58335253895478
215.71344296282962,212.0353887085047
215.71344296282962,213.50661041023466
211.53632117398328,212.71849471573412
213.23423843282674,212.92479220257115
205.9965003006456,210.15347544180094
204.14493083615312,207.7500575995418
204.3984659201246,206.40942092777493
206.84460439699794,206.58349431546412
206.84460439699794,206.68793834807764
209.13409262247265,207.66640005783563
204.06947718224848,206.22763090760077
205.93407241744302,206.11020751153768
213.55564232101466,209.08838143532847
213.55564232101466,210.87528578960297
207.0461910515108,209.3436478943661
212.45233325560397,210.58712203886125
213.796177195813,211.87074410164195
213.94594859564697,212.70082589924397
214.97711538569266,213.61134169382342
211.2524632020311,212.66779029710648
211.2524632020311,212.10165945907633
208.46938737068635,210.64875062372033
211.0874314469327,210.8242229530053
211.61914137403667,211.14219032141784
203.90344509973428,208.2466922327444
203.90344509973428,206.50939337954037
207.31930057588548,206.83335625807842
204.60192764951674,205.94078481465374
201.6091311334638,204.20812334217777
201.6091311334638,203.16852645869218
207.04643199673794,204.7196886739105
201.6986806301392,203.511285456402
201.6986806301392,202.78624352589688
209.67384832916073,205.54128544720243
211.53166859230117,207.93743870524193
207.3146179047875,207.68831038506016
207.49682493544026,207.6117162052122
207.49682493544026,207.5657596973034
206.70013272383596,207.21950890791643
206.32630794175228,206.86222852145076
211.56283282002997,208.74247024088243
211.56283282002997,209.87061527254144
212.34332755762148,210.85970018657346
206.7464434851706,209.21439750601232
217.55878950907834,212.5521543072387
216.34558153855755,214.06952519976625
216.34558153855755,214.97994773528276
208.83839715732174,212.52332750409835
211.44274359837354,212.09109394180842
211.44274359837354,211.83175380443447
207.74710832411452,210.1978956123065
207.97710780833827,209.3095804907192
210.34312112952244,209.7229967462405
210.34312112952244,209.97104649955327
209.2595745156895,209.68645770600776
208.21490645798164,209.0978372067973
212.63008745076974,210.51073730438628
216.90428891600737,213.0681579490347
216.90428891600737,214.60261033582378
222.2637856409595,217.6670804578781
213.89142856581117,216.15681970105132
218.36334458753944,217.03942965564656
214.07153670336555,215.85227247473415
216.91315788090944,216.27662663720426
219.23189181382938,217.4587327078543
219.23189181382938,218.16799635024432
216.05658759612388,217.32343284859616
216.56897213075837,217.02164856146103
224.77207577964222,220.1218194487335
215.7700143607375,218.3810974135351
215.7700143607375,217.33666419241604
223.0648962899704,219.62795703143777
218.71924616759236,219.26447268589962
210.36524218819872,215.7047804868193
210.43624600503966,213.59736669410745
207.72047288472882,211.246609170356
202.73190188191498,207.8407262549796
202.73190188191498,205.79719650575373
202.5575709668457,204.50134629019053
192.3077781630051,199.62391903931638
198.0941774329957,199.0120223967881
193.21483391240935,196.6931470030366
186.02726672076167,192.42679489012664
188.55192350549436,190.87684633627373
181.76362250024104,187.23155680186068
173.56121587807402,181.76342043234604
168.73696290447256,176.55283742119664
162.10670946644947,170.77438623929777
155.25002327003725,164.56464105159358
155.25002327003725,160.83879393897104
146.20425692064867,154.9849791316421
146.15753444776402,151.45400125809084
146.15753444776402,149.3354145339601
141.4542932558564,146.18296602271863
143.30666543714818,145.03244578849046
138.96787380614646,142.60661699555288
138.96787380614646,141.1511197197903
138.83123738587256,140.2231667862232
135.62530687787557,138.38402282288416
135.62530687787557,137.28053644488074
137.43441032418346,137.34208599660184
135.46754357013157,136.59226902601372
134.85372614076607,135.89685187191466
139.0471566975729,137.15697380217796
139.0471566975729,137.91304696033592
135.51663077851725,136.95448048760846
138.05842291899242,137.39605746016204
135.92273027871164,136.80672658758186
135.1407941189975,136.1403536001481
136.22644426033014,136.1747898642209
133.10071502713828,134.94515992938784
133.10071502713828,134.20738196848802
139.27903861429184,136.23604462680956
137.6124534490033,136.78660815568708
137.6124534490033,137.11694627301358
137.17469291245,137.14004492878814
139.79035388720186,138.20016851215362
147.58940687370776,141.95586385677527
150.9322913955846,145.54643487229902
165.49662977510715,153.52651283342226
177.2812900955094,163.02842373825712
177.2812900955094,168.72957028115803
194.37470613192036,178.98762462146297
213.81316842056273,192.91784214110288
222.72844926446496,204.8420849904477
248.4610421949418,222.28966787224533
248.4610421949418,232.7582176013239
343.0478517614889,276.8740712653899
29.136133195617365,177.77889603748088
29.136133195617365,118.32179090073546
31.51172497678916,83.59776453115694
18.64478876095788,57.616574223077315
18.19396979078699,41.84753245016118
18.19396979078699,32.38610738641151
314.91588724941516,145.39801933161297
296.79039810521255,205.9549708410528
297.43748662521585,242.547977154718
299.0956072870613,265.16702920765533
299.0956072870613,278.73846043941774
295.7814889086928,285.55567182712775
298.455315689382,290.71552937202944
298.24381248880775,293.72684261874076
296.97625744550834,295.0266085494478
297.84226363511897,296.15287058371626
298.41165575465635,297.05638465209233
298.41165575465635,297.59849309311795
295.9875982343807,296.9541351496231
297.93523623206676,297.34657558260056
298.417167345052,297.77481228758114
